{
  "meta": "linear-regression",
  "coef_": [
    -0.12484738345735494,
    0.06291561190099985,
    0.04855844848368842,
    4.58920973477669,
    -20.063868266453444,
    3.3251759417097646,
    0.006858555054916261,
    -1.6121397307263328,
    0.35378676768146394,
    -0.01227968822973993,
    -0.9423703820544843,
    0.009433056730265035,
    -0.5806288602931988
  ],
  "intercept_": 40.4221,
  "params": {
    "copy_X": true,
    "fit_intercept": true,
    "n_jobs": null,
    "normalize": false
  }
}